ik,336
het,330
je,308
is,236
de,233
een,219
,199
dat,189
niet,129
van,122
en,121
we,117
wat,97
zijn,95
op,78
in,76
te,74
me,71
dit,68
heb,67
er,66
voor,65
hij,63
tony,62
mijn,59
aan,53
die,52
met,52
ben,51
was,51
maar,50
als,50
ze,48
wil,46
stark,42
kan,38
om,38
u,37
jij,37
hebben,35
doen,34
zou,34
meneer,33
geen,33
hem,32
hier,31
naar,29
waar,27
deze,27
nu,26
moet,26
weet,26
hoe,26
uit,26
hebt,25
heeft,24
bent,24
mij,24
nee,23
dan,23
goed,23
nog,23
kom,21
zo,21
denk,21
ga,20
iets,20
alleen,20
of,20
bij,19
zien,19
ook,19
ja,19
al,18
gaan,18
alles,18
zal,17
niets,17
okay,17
mee,17
meer,16
laat,15
doe,15
had,15
nodig,15
door,15
moeten,15
pepper,14
maken,14
ons,14
eens,14
over,14
jou,13
waarom,13
daar,13
laten,13
wel,13
wapens,13
erg,13
wie,13
jullie,12
gewoon,12
kunnen,12
zoals,11
zeggen,11
staat,11
ziet,11
nooit,11
veel,11
zie,11
orde,11
vader,11
bedrijf,10
tot,10
industries,10
weg,10
dank,10
kijk,10
geef,10
gaat,10
man,10
terug,10
dus,10
nieuwe,9
potts,9
wereld,9
komen,9
klaar,9
geweldig,9
pak,9
gedaan,9
keer,9
maakt,9
1,8
mevrouw,8
kijken,8
handen,8
zet,8
dingen,8
komt,8
weer,8
leven,8
zeg,8
nietwaar,8
uw,8
zullen,8
alle,8
tijd,8
af,8
plan,8
dacht,7
beste,7
obediah,7
jaar,7
god,7
gezien,7
hoop,7
doden,7
houden,7
worden,7
jouw,7
energie,7
maak,7
omdat,7
zonder,7
mensen,7
klein,7
okι,7
zei,7
zich,7
waren,7
dood,7
spijt,7
beter,7
andere,7
dansen,7
rhodey,7
druk,6
weten,6
eerste,6
nacht,6
jericho,6
twee,6
steeds,6
hart,6
bezig,6
werkt,6
hun,6
want,6
even,6
naam,6
ooit,6
helpen,6
3,6
zeker,6
alsjeblieft,6
bogey,6
whiplash,6
2,6
foto,6
vragen,6
onze,6
grote,6
werk,5
blijft,5
voel,5
moest,5
nou,5
praten,5
binnen,5
rustig,5
stane,5
enige,5
uur,5
zag,5
wapen,5
bedankt,5
misschien,5
dak,5
breng,5
hey,5
vrede,5
altijd,5
technologie,5
hou,5
idee,5
hand,5
genoeg,5
plannen,5
goede,5
onder,5
ging,5
voorzichtig,5
slecht,5
gemaakt,5
hulp,5
16,5
jezelf,5
iron,4
werd,4
terwijl,4
hoogte,4
yinsen,4
gebeurt,4
staan,4
parachute,4
gulmira,4
krijgen,4
wordt,4
lijkt,4
bouwen,4
veilig,4
vraag,4
blijf,4
verteld,4
vs,4
vrouw,4
groot,4
beschermen,4
he,4
vind,4
zoeken,4
verkopen,4
piloot,4
verantwoordelijk,4
heen,4
probeer,4
anders,4
gek,4
tegen,4
snel,4
rhodes,4
vliegen,4
eigenlijk,4
omhoog,4
hadden,4
jarvis,4
wakker,4
hallo,4
waarheid,4
rijden,4
willen,4
agent,4
ontwerp,4
volgende,4
genaamd,4
gebeurd,4
let,4
week,4
wacht,4
bestuur,4
conferentie,4
minst,4
wou,4
waarop,4
zit,4
heel,4
niemand,4
scherven,4
deel,4
hoeft,4
wij,4
antwoord,4
15,4
vliegtuig,4
vast,4
zaken,4
kalm,4
nalatenschap,4
werken,4
zojuist,4
luister,4
ding,4
draad,4
geweest,4
iemand,4
geintje,3
meteen,3
werkte,3
moeilijk,3
officiλle,3
vinden,3
prima,3
gang,3
prototype,3
gelukkig,3
verklaring,3
opgeblazen,3
totaal,3
haal,3
neem,3
cheeseburger,3
5,3
begrijp,3
probleempje,3
raket,3
herinneren,3
graag,3
toch,3
erop,3
vliegtuigen,3
gebied,3
ander,3
alsof,3
vrij,3
brand,3
net,3
missie,3
krant,3
sake,3
hoeveel,3
lees,3
kon,3
allen,3
leuk,3
degene,3
na,3
bewegen,3
baas,3
gevraagd,3
sorry,3
richting,3
gebruik,3
paar,3
best,3
deed,3
opschieten,3
onderdeel,3
bedoel,3
minuten,3
jurk,3
sector,3
ervoor,3
toekomst,3
geloven,3
volg,3
geven,3
serieus,3
morgen,3
homeland,3
eer,3
lijst,3
beeld,3
vandaag,3
laatste,3
pers,3
verrassing,3
buiten,3
word,3
hierheen,3
cia,3
iedereen,3
elke,3
tafel,3
zorg,3
afspraak,3
alstublieft,3
zitten,3
gezin,3
normaal,3
s,3
elkaar,3
hoofd,3
lucht,3
kwam,3
lopen,3
zegt,3
beginnen,3
cadeau,3
grappig,3
ah,3
kolonel,3
10,3
schieten,3
gered,3
strategic,3
zorgt,3
noemen,3
welkom,3
eruit,3
doet,3
drinken,3
minder,3
obie,3
sta,3
nemen,3
schiet,3
extra,3
paniek,2
voorjaarsvakantie,2
ijs,2
patriot,2
eraan,2
toe,2
eigen,2
ongeveer,2
conflict,2
uav,2
calculaties,2
ligt,2
frisse,2
vrijheid,2
starks,2
krijgt,2
zouden,2
sluiten,2
droog,2
meesterwerk,2
verloren,2
vuren,2
des,2
factor,2
50,2
agenten,2
zult,2
hongaars,2
lachen,2
uitrusting,2
klopt,2
groter,2
dag,2
aardig,2
uniform,2
ermee,2
boven,2
eindelijk,2
halen,2
reactor,2
4,2
gedwongen,2
tuurlijk,2
circuits,2
lente,2
nieuw,2
mooie,2
daarvoor,2
olijven,2
kwijt,2
afgeleid,2
christine,2
ken,2
flink,2
eerlijk,2
beetje,2
fijn,2
uitgenodigd,2
liever,2
2als,2
voorkeuren,2
knop,2
vrouwen,2
zoon,2
assistent,2
sinds,2
afscheid,2
onschuldig,2
soms,2
luisteren,2
coulson,2
vallen,2
vond,2
rond,2
boogreactortechnologie,2
legering,2
dorp,2
flessen,2
borststuk,2
hield,2
soldaat,2
koop,2
ontmoet,2
doods,2
stukje,2
40,2
belangrijke,2
gebruiken,2
record,2
ιιn,2
kant,2
brandweermannen,2
nummer,2
baan,2
gedood,2
fotos,2
woord,2
genomen,2
vertel,2
mogen,2
achter,2
grot,2
jaren,2
blij,2
rijk,2
funvee,2
rest,2
ongelooflijk,2
prachtig,2
natuurlijk,2
scherm,2
fair,2
stuur,2
eject,2
buurt,2
boos,2
slaan,2
vergeet,2
enforcement,2
project,2
vindt,2
vraagt,2
joggen,2
wilt,2
open,2
hiermee,2
huis,2
rekken,2
verspil,2
trots,2
kantoor,2
bijna,2
vakantie,2
werden,2
o,2
gisteren,2
gehouden,2
echt,2
wanneer,2
dokter,2
makkelijk,2
lastig,2
sommigen,2
verwachtte,2
verder,2
voelt,2
belangrijk,2
prijs,2
ringen,2
macht,2
stap,2
ervan,2
afmaken,2
probleem,2
weerzien,2
jammer,2
lange,2
punten,2
gegaan,2
vroeg,2
drive,2
beurt,2
vertrek,2
brown,2
jongen,2
doel,2
klootzak,2
regelt,2
mark,2
f22,2
geweren,2
vanity,2
bezit,2
overdrijft,2
caesar,2
geopend,2
terugbetaalt,2
daardoor,2
overheid,2
indrukwekkend,2
vergadering,2
houdt,2
erger,2
sterven,2
leg,2
gebouw,2
waarschuwde,2
plek,2
hen,2
kleine,2
bezorgd,2
gesproken,2
radar,2
absoluut,2
boogreactor,2
inderdaad,2
liet,2
wisten,2
inclusief,2
avond,2
gaf,2
mis,2
grotere,2
vertrekken,2
verjaardag,2
stuurt,2
centrale,2
begin,2
vreemd,2
spreek,2
flappen,2
test,2
hetzelfde,2
and,2
dorpen,2
ziekenhuis,2
zij,2
logistics,2
troep,2
gelijk,2
maanden,2
mijne,2
intervention,2
gezicht,2
belachelijk,2
omstandigheden,2
waarmee,2
spelletje,2
pus,2
onbemand,2
titanium,2
mit,2
dealen,2
weinig,2
zijkant,2
bibber,2
leger,2
geheim,2
division,2
wow,2
spreken,2
simpele,2
ghost,2
ogen,2
kortere,2
persoon,2
vandaan,2
persconferentie,2
meegeholpen,2
23,2
raketten,2
dwaas,2
domkop,2
gouden,2
zoveel,2
amerikaanse,2
flares,2
aanraken,2
wachten,2
7,2
vriend,2
respecteert,2
lijk,2
mag,2
voltooid,2
ijsprobleem,2
manier,2
vluchtelingen,2
doorgaan,2
toen,2
tranen,2
karaktereigenschappen,1
duidelijke,1
line,1
logisch,1
verkeerde,1
russisch,1
prepareer,1
mogelijkheden,1
verontschuldigen,1
bijnaam,1
gelooft,1
speech,1
jimmy,1
kogelgaten,1
moge,1
voorlopig,1
langzaam,1
kortsluiting,1
goeds,1
spel,1
schade,1
beschreven,1
reddingswerkers,1
nat,1
procedure,1
vergeleken,1
omgekeerd,1
verantwoordlijkheid,1
afkeurde,1
noet,1
verlicht,1
goffini,1
controlediensten,1
betrouwbare,1
fabriek,1
24e,1
vertelden,1
basis,1
ironisch,1
configuratie,1
sterke,1
pollock,1
wanner,1
aandelen,1
nummers,1
bern,1
zuurpruim,1
databases,1
bemand,1
phil,1
breken,1
berkeley,1
handje,1
master,1
vers,1
afgevuurd,1
toegeschreven,1
gekwalificeerd,1
zagen,1
dari,1
lieftallige,1
ervaring,1
ongewone,1
vriendin,1
schuldig,1
25,1
diep,1
lijn,1
erover,1
wagen,1
moordenaars,1
verrast,1
tenzij,1
verschrikkelijk,1
bewijs,1
verdween,1
straat,1
wapenmaker,1
ontploffen,1
bedanken,1
radiocontact,1
goedemorgen,1
robot,1
belangstelling,1
bezielde,1
bondgenoot,1
sla,1
raptor,1
indiende,1
oorlogsgebied,1
bodyguard,1
urdu,1
feest,1
kleren,1
advies,1
majoor,1
kloppen,1
gedaald,1
later,1
hierboven,1
stealth,1
mach,1
metaal,1
garandeer,1
loop,1
controversiλle,1
noem,1
betrokkenheid,1
genie,1
noteer,1
midden,1
kalender,1
sleutels,1
zoiets,1
realiseer,1
kans,1
ijzeren,1
imperfecte,1
opmerkelijke,1
vaders,1
slim,1
stinkt,1
levens,1
°,1
hele,1
voorbeeld,1
motor,1
behalve,1
kerstmodellen,1
antiek,1
publiciteitsstunt,1
meegemaakt,1
voorkomt,1
natuurkundeproject,1
horen,1
droom,1
betrekken,1
nabije,1
visionair,1
herrie,1
verwijderd,1
tijdperk,1
fascinerende,1
william,1
gebruikelijk,1
onverschillig,1
dodelijk,1
manoevre,1
observaie,1
herkende,1
romeinse,1
wapengedeelte,1
lenteperiode,1
persoonlijk,1
debriefen,1
interne,1
haalmajoor,1
ruοnes,1
slag,1
wodkamartinis,1
strak,1
vertaling,1
raptors,1
uitmaken,1
redden,1
haar,1
technisch,1
slaagde,1
recente,1
voorzien,1
onderzoeken,1
denkt,1
gezegd,1
oneens,1
kampioen,1
beval,1
ingegrepen,1
herleid,1
ontwerpen,1
verschoond,1
satellieten,1
diensten,1
tegenhouden,1
statement,1
afwezig,1
wonden,1
cum,1
hopen,1
juiste,1
eenieder,1
gastheer,1
duidelijk,1
vanaf,1
gans,1
bewakers,1
noodlot,1
vaak,1
ontworpen,1
raden,1
onmogelijk,1
vertrouwen,1
totdat,1
spreekt,1
smeltkroes,1
verlaten,1
1052,1
verscheen,1
noemden,1
accu,1
smaakvol,1
mist,1
slapen,1
trainen,1
rug,1
toevallig,1
ruimte,1
daarom,1
eieren,1
malibu,1
afgelopen,1
gerespecteerd,1
brave,1
farsi,1
kost,1
grotten,1
complex,1
access,1
strikken,1
smaak,1
propaan,1
chaos,1
nam,1
bestaat,1
gram,1
terabytes,1
prins,1
100,1
woonde,1
stunt,1
ctrl,1
mogelijkheid,1
oot,1
werkplaats,1
rendabel,1
freedom,1
knap,1
beroemdste,1
wees,1
hotspot,1
tegenstribbelt,1
gruweldaad,1
betreden,1
hartaanval,1
vinci,1
verbonden,1
klanten,1
c,1
kansen,1
anderen,1
slot,1
global,1
oorlog,1
datum,1
oorzaak,1
schilder,1
aandacht,1
probeerde,1
terechtkomt,1
everhart,1
veels,1
doelwit,1
startpunt,1
dobbelstenen,1
geautoriseerd,1
manhattan,1
gingen,1
egoοstisch,1
lezen,1
vernietig,1
geboekt,1
khan,1
beschikking,1
teveel,1
medische,1
files,1
benodigdheden,1
zeiden,1
avonds,1
nieuwste,1
vertonen,1
beantwoorden,1
bespreken,1
aparte,1
functie,1
help,1
waarschijnlijk,1
vuilnis,1
37,1
laars,1
scotch,1
gevangengehouden,1
verzeker,1
identiteit,1
speeltjes,1
incompetent,1
duur,1
beloof,1
praat,1
noodenergie,1
rijtje,1
ladingen,1
gabroken,1
hoor,1
sleutel,1
pakt,1
fbi,1
kust,1
suma,1
geloofde,1
schoenveters,1
tweelingen,1
500,1
gaafste,1
brilliante,1
nachts,1
palladium,1
kortetermijnverlammingen,1
vorig,1
geavanceerde,1
verhaal,1
geschilderd,1
talen,1
rollen,1
terugkwam,1
langer,1
pizza,1
aantrek,1
merk,1
belangrijkste,1
betekent,1
pa,1
security,1
streep,1
kerst,1
zorgde,1
dalen,1
ontdoen,1
harder,1
samen,1
naοef,1
superheld,1
gevangen,1
aanklacht,1
buitenlandse,1
team,1
spul,1
geweld,1
functioneerde,1
pts,1
miniem,1
ziekenhuizen,1
trainingsongeluk,1
schip,1
heengaat,1
rood,1
stellen,1
wapenstatus,1
importeer,1
complementen,1
vernietiging,1
breach,1
genereren,1
achteruit,1
vult,1
spaarde,1
collegas,1
werkplek,1
geοntegreerde,1
kloof,1
bed,1
achilleshiel,1
pijl,1
precisiewerktuigen,1
larry,1
verbrandt,1
geloofwaardigheid,1
krijgsheren,1
belde,1
vaker,1
bodyguar,1
f11,1
mentor,1
stok,1
vormen,1
17,1
stelde,1
milities,1
luchtvoertuig,1
ijzer,1
vaste,1
discreet,1
buitenzetten,1
drukken,1
problemen,1
troon,1
belang,1
springvloed,1
gooit,1
waarde,1
flesje,1
volgt,1
discussie,1
ontvoerd,1
kosten,1
contact,1
dienen,1
doormaakt,1
oppervlakte,1
geld,1
koopman,1
zn,1
buik,1
circuit,1
representatie,1
moeilijke,1
dwongen,1
auto,1
productiever,1
idcheck,1
ontslaan,1
tekenen,1
arresteren,1
bang,1
positie,1
bewaren,1
daarachter,1
oordeel,1
repulsor,1
hippies,1
binnenkort,1
alweer,1
mannen,1
vluchtstabilisator,1
verwarm,1
rennen,1
alexander,1
bagram,1
gekwalificeerde,1
kijkt,1
ukraine,1
yep,1
branche,1
dozen,1
chip,1
oppas,1
acetyleen,1
begrepen,1
wist,1
trouwe,1
veranderen,1
schroot,1
lichaam,1
kennen,1
ontvangen,1
bijkomende,1
verjaardagscadeau,1
hindenburg,1
ijsopbouw,1
competente,1
woorden,1
rodeo,1
ptsd,1
uitmaakt,1
heren,1
val,1
samenblijven,1
ongeluk,1
vegas,1
ontlopen,1
configureren,1
nieuws,1
dodd,1
hieruit,1
mongools,1
90,1
lift,1
huizen,1
bieden,1
staart,1
wapenpresentatie,1
shield,1
presenteer,1
hierin,1
hawk,1
dronken,1
wellicht,1
gehad,1
schoongemaakt,1
amerikanen,1
honger,1
besturing,1
wapenontwikkeling,1
welke,1
minste,1
miksysteem,1
vijand,1
jagen,1
haalt,1
waarheen,1
bouwde,1
introduceert,1
valt,1
blijkbaar,1
binnengaan,1
verbeteringen,1
koest,1
foute,1
jongens,1
award,1
terugkeert,1
voorspellen,1
ingang,1
poging,1
opleveren,1
families,1
breekt,1
moment,1
excuus,1
fototijd,1
geschiedenis,1
bewolking,1
rocknroll,1
profiteren,1
publiek,1
geavanceerder,1
titaan,1
humgrumvee,1
leef,1
tegenwoordig,1
verhogen,1
pas,1
vernietigen,1
opgewekt,1
hud,1
importeren,1
handmatige,1
onthou,1
wekken,1
instellingen,1
pacifice,1
rechtbank,1
lef,1
rand,1
brengen,1
getroffen,1
onverwachte,1
goud,1
elf,1
veranderd,1
lezing,1
6,1
cisco,1
ontwijkende,1
generatie,1
015,1
doodlopende,1
speciale,1
situatie,1
schud,1
nergens,1
blijdschap,1
unieke,1
doneer,1
eerst,1
vergeten,1
specifieker,1
ontheffen,1
diagnose,1
privιserver,1
pyjamas,1
middelpunt,1
materialen,1
sync,1
gesloten,1
draag,1
welterusten,1
aziλ,1
ontwikkeling,1
gewaande,1
sloop,1
1987,1
afslag,1
comfortabel,1
markeer,1
vele,1
blootgelegde,1
ramp,1
surfen,1
fijner,1
conservatief,1
afgehandeld,1
reiken,1
565,1
seconden,1
journalist,1
falen,1
activeer,1
tenen,1
uitkomst,1
boeren,1
rij,1
zoek,1
technieken,1
universiteit,1
maximum,1
herders,1
offline,1
regelen,1
telefoontje,1
aanmaken,1
vlucht,1
vredige,1
neemt,1
til,1
langdurige,1
zwaarbewapend,1
dorpelingen,1
geworden,1
oefent,1
meest,1
lock,1
magneetje,1
vroege,1
luchtverkeer,1
wapendepot,1
ceo,1
mogelijk,1
opening,1
upgrades,1
koffie,1
koninkrijk,1
gevoed,1
beroemde,1
meter,1
laude,1
moeder,1
tijdje,1
zicht,1
moesten,1
bekennen,1
geheime,1
pashto,1
ergere,1
excuseert,1
golven,1
bouwt,1
wandeling,1
verderf,1
zetten,1
kleiner,1
jouwe,1
verwarrend,1
download,1
meegebracht,1
rapporteren,1
overblijfselen,1
informatie,1
pielie,1
interviewen,1
slapengaan,1
vol,1
brillen,1
daad,1
afscheiding,1
soldaten,1
drankje,1
geslapen,1
vluchten,1
gebracht,1
weggehaald,1
luchtgevechten,1
benefieten,1
gedraagt,1
spelen,1
tonys,1
opzichtig,1
blaas,1
gecompliceerd,1
wend,1
gevonden,1
planeten,1
voordelen,1
geweer,1
leuks,1
doorgebracht,1
kaartje,1
signeren,1
hel,1
gat,1
warning,1
bypass,1
verlaat,1
hete,1
couston,1
east,1
slechts,1
wegkomt,1
geholpen,1
weiger,1
inzicht,1
gezamenlijke,1
satteliet,1
ivan,1
ineens,1
duurt,1
bellen,1
land,1
koper,1
wapenindustrie,1
verklaren,1
section,1
zelf,1
dames,1
neer,1
noemt,1
dame,1
myspace,1
nazis,1
records,1
harnas,1
atoombom,1
publiekelijk,1
sets,1
waardoor,1
geleden,1
begrijpt,1
genoteerd,1
levenswerk,1
executive,1
kritiek,1
neus,1
rondlopen,1
beschutting,1
belangen,1
verbeteren,1
repulsors,1
helemaal,1
luchtbasis,1
tampton,1
borstgebied,1
di,1
voorbereiden,1
26km,1
slimmere,1
compleet,1
seizoen,1
starkwapens,1
moordenaar,1
filmen,1
21,1
gehoord,1
gekker,1
muziek,1
found,1
oude,1
verschepingen,1
last,1
uitnodiging,1
det,1
miljoenen,1
zeerder,1
juist,1
30,1
oefening,1
deodorant,1
voelen,1
beschermde,1
11,1
granted,1
droomt,1
telefoon,1
komende,1
verslaan,1
kroonjuweel,1
mond,1
geperfectioneerd,1
mensenliefhebber,1
adem,1
km,1
20,1
antwoorden,1
anglachel,1
gewicht,1
opgebouwd,1
sovjet,1
luiers,1
vertaal,1
wapenfabrikant,1
spontaan,1
babys,1
halve,1
gooi,1
landen,1
mulholland,1
agracultuur,1
afghanistan,1
daarmee,1
las,1
stoppen,1
opblazen,1
console,1
twijfels,1
wapentechnologie,1
bezitten,1
trok,1
haat,1
aantal,1
vooruitgang,1
krijg,1
privilege,1
enen,1
vorige,1
bukken,1
gedemonstreerd,1
instincten,1
geλerd,1
formeel,1
toestemmin,1
held,1
godsnaam,1
zon,1
opgelost,1
geoefend,1
opgedragen,1
bureau,1
19,1
zijkanten,1
forest,1
groep,1
oprichter,1
kruiswoordraadsels,1
dezelfde,1
voortgangsbalk,1
carrie,1
reactie,1
oop,1
flinke,1
drink,1
brandveiligheid,1
benoemd,1
vanavond,1
bezoeken,1
dans,1
legendarische,1
knieλn,1
rekenen,1
voorziet,1
kunstgallerie,1
ingenieurs,1
ijn,1
gezonder,1
gedroogd,1
miljoen,1
nogmaals,1
correct,1
dwong,1
teruggaan,1
uithaalt,1
systeem,1
intercom,1
draaien,1
bereid,1
lokaliseren,1
overbelasten,1
rechten,1
getrokken,1
da,1
overgegaan,1
bakstenen,1
proberen,1
bouwden,1
kleding,1
database,1
heengaan,1
principe,1
ontmoeting,1
gewond,1
schatten,1
boog,1
projectbestand,1
wassen,1
vooruit,1
daarvan,1
temperatuur,1
wapenfabrikanten,1
gedachte,1
indrukken,1
botstuctuur,1
alibi,1
thuiskwam,1
overleefde,1
bijzonderheden,1
waarvoor,1
ontsnapping,1
achterlaat,1
ontdekkingen,1
hotrodrood,1
gegeven,1
verwacht,1
stil,1
gevreesd,1
complete,1
enter,1
magazine,1
beschadigde,1
belachelijke,1
oud,1
civiele,1
garanderen,1
kent,1
allemaal,1
betaalde,1
schelen,1
realiseerde,1
achterhoofd,1
allebei,1
schakelde,1
type,1
recruteer,1
nostalgisch,1
slechtste,1
ei,1
opent,1
onverantwoordelijk,1
roepen,1
weken,1
apparaat,1
wodkamartini,1
agenda,1
awacs,1
blijven,1
juni,1
regeren,1
gemiddelde,1
hoorde,1
plegen,1
compressie,1
kind,1
herinnerd,1
basisplaat,1
verf,1
opnemen,1
hι,1
trucks,1
gebrek,1
bereiken,1
heroοsch,1
gesteund,1
tijdens,1
notie,1
gebouwd,1
geest,1
ochtends,1
vervangen,1
samenwerking,1
reden,1
herinnering,1
begint,1
reisje,1
megemaakt,1
prestigieuze,1
intimideert,1
degenen,1
kunt,1
opsteken,1
koperen,1
gezet,1
i,1
afdaling,1
hoewel,1
bemoeien,1
belooft,1
stop,1
generaal,1
cylinder,1
technische,1
opnieuw,1
interesse,1
smidse,1
opslaan,1
raakte,1
benaderd,1
stokken,1
wereldwijd,1
grond,1
slechten,1
jacht,1
robotica,1
lichte,1
oh,1
spiegel,1
aanvallen,1
levende,1
toppunt,1
eiland,1
specificaties,1
gebeuren,1
smeekt,1
verbrand,1
gemak,1
heersen,1
oceaan,1
microboogreactor,1
filosofie,1
denken,1
upgrade,1
ruil,1
marine,1
luchtmacht,1
aanpassingen,1
geόpgraded,1
twijfelen,1
hef,1
sr71,1
ruikt,1
modellen,1
avalon,1
elektromagneet,1
geval,1
vervalt,1
fatale,1
evenement,1
transducer,1
warm,1
voorbij,1
vermoorden,1
gecreλerd,1
vlakbij,1
verraad,1
balans,1
fire,1
brander,1
laagste,1
gedacht,1
eind,1
maart,1
genghis,1
ademhalen,1
jackson,1
arabisch,1
klink,1
professors,1
aim,1
ready,1
grootste,1
bendetekens,1
bepaald,1
dronk,1
groots,1
daling,1
lost,1
sofinummer,1
potentieel,1
hoort,1
vermogen,1
eigenschap,1
analyseren,1
bekeken,1
tenslotte,1
sashimi,1
externe,1
hoger,1
